,Year,day_of_year,Total_Flights
0,1990,1,13685
1,1990,2,14439
2,1990,3,14442
3,1990,4,14346
4,1990,5,14405
5,1990,6,13034
6,1990,7,13695
7,1990,8,14229
8,1990,9,13912
9,1990,10,14211
10,1990,11,14273
11,1990,12,14468
12,1990,13,13139
13,1990,14,13832
14,1990,15,14521
15,1990,16,13298
16,1990,17,14085
17,1990,18,14157
18,1990,19,14047
19,1990,20,12594
20,1990,21,13254
21,1990,22,14511
22,1990,23,14576
23,1990,24,14581
24,1990,25,13456
25,1990,26,14314
26,1990,27,13140
27,1990,28,13704
28,1990,29,14204
29,1990,30,14354
30,1990,31,14442
31,1990,32,14228
32,1990,33,13609
33,1990,34,12532
34,1990,35,13350
35,1990,36,14503
36,1990,37,14436
37,1990,38,14411
38,1990,39,14469
39,1990,40,14311
40,1990,41,12803
41,1990,42,13697
42,1990,43,14504
43,1990,44,14307
44,1990,45,13298
45,1990,46,13140
46,1990,47,13416
47,1990,48,12697
48,1990,49,13617
49,1990,50,14510
50,1990,51,14428
51,1990,52,14405
52,1990,53,14037
53,1990,54,14034
54,1990,55,12124
55,1990,56,13400
56,1990,57,14435
57,1990,58,14438
58,1990,59,14431
59,1990,60,14505
60,1990,61,14489
61,1990,62,13086
62,1990,63,13883
63,1990,64,14472
64,1990,65,13894
65,1990,66,14486
66,1990,67,14418
67,1990,68,14338
68,1990,69,12468
69,1990,70,12892
70,1990,71,14254
71,1990,72,14232
72,1990,73,14370
73,1990,74,14503
74,1990,75,14345
75,1990,76,12946
76,1990,77,13669
77,1990,78,14657
78,1990,79,14624
79,1990,80,14780
80,1990,81,14677
81,1990,82,14540
82,1990,83,12929
83,1990,84,13880
84,1990,85,14711
85,1990,86,14794
86,1990,87,14601
87,1990,88,14373
88,1990,89,14280
89,1990,90,13068
90,1990,91,13690
91,1990,92,14538
92,1990,93,14594
93,1990,94,14734
94,1990,95,14591
95,1990,96,14593
96,1990,97,13210
97,1990,98,13898
98,1990,99,14791
99,1990,100,14541
100,1990,101,14726
101,1990,102,14774
102,1990,103,14786
103,1990,104,13297
104,1990,105,13951
105,1990,106,14655
106,1990,107,14704
107,1990,108,14781
108,1990,109,14767
109,1990,110,14652
110,1990,111,13301
111,1990,112,13832
112,1990,113,14743
113,1990,114,14818
114,1990,115,14685
115,1990,116,14592
116,1990,117,14743
117,1990,118,13124
118,1990,119,13764
119,1990,120,14736
120,1990,121,14703
121,1990,122,14527
122,1990,123,14549
123,1990,124,14630
124,1990,125,13180
125,1990,126,14026
126,1990,127,14914
127,1990,128,14879
128,1990,129,14651
129,1990,130,14471
130,1990,131,14684
131,1990,132,13268
132,1990,133,13950
133,1990,134,14698
134,1990,135,14652
135,1990,136,14452
136,1990,137,14277
137,1990,138,14643
138,1990,139,13261
139,1990,140,13866
140,1990,141,14760
141,1990,142,14698
142,1990,143,14823
143,1990,144,14771
144,1990,145,14665
145,1990,146,12664
146,1990,147,12475
147,1990,148,14212
148,1990,149,14702
149,1990,150,14882
150,1990,151,14780
151,1990,152,14719
152,1990,153,13416
153,1990,154,13866
154,1990,155,14928
155,1990,156,14808
156,1990,157,14585
157,1990,158,14715
158,1990,159,14643
159,1990,160,13548
160,1990,161,14096
161,1990,162,14948
162,1990,163,14971
163,1990,164,14854
164,1990,165,14750
165,1990,166,14752
166,1990,167,13606
167,1990,168,14177
168,1990,169,14508
169,1990,170,14528
170,1990,171,14805
171,1990,172,14751
172,1990,173,14724
173,1990,174,13507
174,1990,175,14119
175,1990,176,14915
176,1990,177,14763
177,1990,178,14614
178,1990,179,14693
179,1990,180,14614
180,1990,181,13521
181,1990,182,13872
182,1990,183,14586
183,1990,184,14573
184,1990,185,13942
185,1990,186,14573
186,1990,187,14768
187,1990,188,13755
188,1990,189,14263
189,1990,190,14696
190,1990,191,14884
191,1990,192,14929
192,1990,193,14764
193,1990,194,14979
194,1990,195,13656
195,1990,196,14002
196,1990,197,15014
197,1990,198,15059
198,1990,199,14802
199,1990,200,14593
200,1990,201,14613
201,1990,202,13634
202,1990,203,14132
203,1990,204,14806
204,1990,205,15110
205,1990,206,15012
206,1990,207,14933
207,1990,208,14981
208,1990,209,13769
209,1990,210,14089
210,1990,211,14935
211,1990,212,14811
212,1990,213,14958
213,1990,214,14909
214,1990,215,14986
215,1990,216,13765
216,1990,217,14121
217,1990,218,14891
218,1990,219,14939
219,1990,220,14997
220,1990,221,14911
221,1990,222,14830
222,1990,223,13589
223,1990,224,14078
224,1990,225,14735
225,1990,226,14827
226,1990,227,14795
227,1990,228,14870
228,1990,229,14845
229,1990,230,13679
230,1990,231,13978
231,1990,232,14792
232,1990,233,14844
233,1990,234,14985
234,1990,235,14903
235,1990,236,14835
236,1990,237,13554
237,1990,238,14279
238,1990,239,14874
239,1990,240,14826
240,1990,241,14869
241,1990,242,15006
242,1990,243,15016
243,1990,244,12835
244,1990,245,12478
245,1990,246,14436
246,1990,247,15068
247,1990,248,14863
248,1990,249,14746
249,1990,250,14582
250,1990,251,13539
251,1990,252,14004
252,1990,253,14782
253,1990,254,14865
254,1990,255,14905
255,1990,256,14494
256,1990,257,14215
257,1990,258,13317
258,1990,259,13971
259,1990,260,14935
260,1990,261,14917
261,1990,262,14972
262,1990,263,14921
263,1990,264,14840
264,1990,265,13414
265,1990,266,14081
266,1990,267,15056
267,1990,268,15070
268,1990,269,14986
269,1990,270,14619
270,1990,271,14772
271,1990,272,13409
272,1990,273,14056
273,1990,274,15034
274,1990,275,15051
275,1990,276,14943
276,1990,277,14961
277,1990,278,14869
278,1990,279,13556
279,1990,280,14038
280,1990,281,14734
281,1990,282,14764
282,1990,283,14725
283,1990,284,14729
284,1990,285,14736
285,1990,286,13341
286,1990,287,13881
287,1990,288,14910
288,1990,289,14995
289,1990,290,14751
290,1990,291,14611
291,1990,292,14807
292,1990,293,13490
293,1990,294,13976
294,1990,295,14760
295,1990,296,14805
296,1990,297,14957
297,1990,298,14940
298,1990,299,14818
299,1990,300,13318
300,1990,301,13859
301,1990,302,14997
302,1990,303,14968
303,1990,304,14722
304,1990,305,14852
305,1990,306,14799
306,1990,307,13189
307,1990,308,13817
308,1990,309,14621
309,1990,310,14684
310,1990,311,14722
311,1990,312,14582
312,1990,313,14651
313,1990,314,12959
314,1990,315,13847
315,1990,316,14796
316,1990,317,14852
317,1990,318,14845
318,1990,319,14919
319,1990,320,14827
320,1990,321,13203
321,1990,322,13896
322,1990,323,14897
323,1990,324,14792
324,1990,325,14931
325,1990,326,11841
326,1990,327,10799
327,1990,328,12710
328,1990,329,14011
329,1990,330,14730
330,1990,331,14460
331,1990,332,14707
332,1990,333,14917
333,1990,334,14968
334,1990,335,13221
335,1990,336,13701
336,1990,337,13878
337,1990,338,14497
338,1990,339,14703
339,1990,340,14789
340,1990,341,14669
341,1990,342,13218
342,1990,343,13859
343,1990,344,14890
344,1990,345,14826
345,1990,346,14795
346,1990,347,14608
347,1990,348,14552
348,1990,349,12725
349,1990,350,13621
350,1990,351,14549
351,1990,352,14411
352,1990,353,14369
353,1990,354,14221
354,1990,355,13700
355,1990,356,12331
356,1990,357,12474
357,1990,358,12300
358,1990,359,12723
359,1990,360,14086
360,1990,361,13645
361,1990,362,12875
362,1990,363,11689
363,1990,364,11827
364,1990,365,12840
365,1992,1,13205
366,1992,2,13360
367,1992,3,13397
368,1992,4,12215
369,1992,5,13189
370,1992,6,13998
371,1992,7,13278
372,1992,8,13925
373,1992,9,14112
374,1992,10,14125
375,1992,11,12316
376,1992,12,13153
377,1992,13,13900
378,1992,14,13324
379,1992,15,13542
380,1992,16,13749
381,1992,17,13906
382,1992,18,11662
383,1992,19,12873
384,1992,20,14053
385,1992,21,14097
386,1992,22,14120
387,1992,23,13542
388,1992,24,13900
389,1992,25,11981
390,1992,26,13163
391,1992,27,14048
392,1992,28,13931
393,1992,29,13818
394,1992,30,13904
395,1992,31,14107
396,1992,32,12209
397,1992,33,13257
398,1992,34,14173
399,1992,35,14143
400,1992,36,14072
401,1992,37,14023
402,1992,38,14114
403,1992,39,12175
404,1992,40,13140
405,1992,41,14053
406,1992,42,13984
407,1992,43,13762
408,1992,44,13474
409,1992,45,13642
410,1992,46,11974
411,1992,47,12905
412,1992,48,13935
413,1992,49,13422
414,1992,50,13788
415,1992,51,14145
416,1992,52,14134
417,1992,53,12259
418,1992,54,13175
419,1992,55,14058
420,1992,56,13951
421,1992,57,14150
422,1992,58,14152
423,1992,59,14119
424,1992,60,12115
425,1992,61,13168
426,1992,62,13889
427,1992,63,13703
428,1992,64,13961
429,1992,65,14040
430,1992,66,13704
431,1992,67,12091
432,1992,68,12818
433,1992,69,13688
434,1992,70,13431
435,1992,71,13835
436,1992,72,13995
437,1992,73,14134
438,1992,74,12293
439,1992,75,13173
440,1992,76,14147
441,1992,77,14114
442,1992,78,14058
443,1992,79,13733
444,1992,80,14077
445,1992,81,11737
446,1992,82,12533
447,1992,83,13942
448,1992,84,14028
449,1992,85,14057
450,1992,86,13833
451,1992,87,13990
452,1992,88,12310
453,1992,89,13267
454,1992,90,14161
455,1992,91,14213
456,1992,92,14068
457,1992,93,14192
458,1992,94,14166
459,1992,95,12304
460,1992,96,13270
461,1992,97,14249
462,1992,98,14203
463,1992,99,14204
464,1992,100,14173
465,1992,101,14153
466,1992,102,12294
467,1992,103,13269
468,1992,104,14181
469,1992,105,14250
470,1992,106,14038
471,1992,107,14073
472,1992,108,14085
473,1992,109,12245
474,1992,110,13076
475,1992,111,14145
476,1992,112,14093
477,1992,113,14196
478,1992,114,13973
479,1992,115,14068
480,1992,116,12274
481,1992,117,13287
482,1992,118,14250
483,1992,119,14303
484,1992,120,14309
485,1992,121,13911
486,1992,122,13883
487,1992,123,12242
488,1992,124,13291
489,1992,125,14273
490,1992,126,14241
491,1992,127,14260
492,1992,128,14117
493,1992,129,14126
494,1992,130,12399
495,1992,131,13351
496,1992,132,14309
497,1992,133,14265
498,1992,134,14191
499,1992,135,13937
500,1992,136,14101
501,1992,137,12390
502,1992,138,13129
503,1992,139,14203
504,1992,140,14182
505,1992,141,14168
506,1992,142,14198
507,1992,143,14125
508,1992,144,11688
509,1992,145,11742
510,1992,146,13586
511,1992,147,14279
512,1992,148,14241
513,1992,149,14152
514,1992,150,14294
515,1992,151,12420
516,1992,152,13224
517,1992,153,14236
518,1992,154,14390
519,1992,155,14254
520,1992,156,14368
521,1992,157,14332
522,1992,158,12921
523,1992,159,13551
524,1992,160,14378
525,1992,161,14387
526,1992,162,14508
527,1992,163,14461
528,1992,164,14527
529,1992,165,13069
530,1992,166,13567
531,1992,167,14511
532,1992,168,14510
533,1992,169,14011
534,1992,170,14263
535,1992,171,14327
536,1992,172,13017
537,1992,173,13681
538,1992,174,14533
539,1992,175,14512
540,1992,176,14332
541,1992,177,14388
542,1992,178,14380
543,1992,179,12976
544,1992,180,13560
545,1992,181,14531
546,1992,182,14435
547,1992,183,14317
548,1992,184,13842
549,1992,185,13455
550,1992,186,11976
551,1992,187,13697
552,1992,188,14584
553,1992,189,14487
554,1992,190,14538
555,1992,191,14437
556,1992,192,14364
557,1992,193,13195
558,1992,194,13702
559,1992,195,14319
560,1992,196,14262
561,1992,197,14145
562,1992,198,14365
563,1992,199,14351
564,1992,200,13166
565,1992,201,13749
566,1992,202,14486
567,1992,203,14466
568,1992,204,14477
569,1992,205,14302
570,1992,206,14429
571,1992,207,13181
572,1992,208,13815
573,1992,209,14481
574,1992,210,14654
575,1992,211,14492
576,1992,212,14462
577,1992,213,14122
578,1992,214,13121
579,1992,215,13714
580,1992,216,14462
581,1992,217,14515
582,1992,218,14548
583,1992,219,14475
584,1992,220,14600
585,1992,221,13266
586,1992,222,13710
587,1992,223,14379
588,1992,224,14001
589,1992,225,14383
590,1992,226,14331
591,1992,227,14357
592,1992,228,13213
593,1992,229,13745
594,1992,230,14301
595,1992,231,14529
596,1992,232,14437
597,1992,233,14511
598,1992,234,14572
599,1992,235,13258
600,1992,236,13640
601,1992,237,13968
602,1992,238,14182
603,1992,239,14096
604,1992,240,14280
605,1992,241,14431
606,1992,242,13299
607,1992,243,13927
608,1992,244,14679
609,1992,245,14696
610,1992,246,14658
611,1992,247,14445
612,1992,248,14598
613,1992,249,12572
614,1992,250,12501
615,1992,251,14170
616,1992,252,14515
617,1992,253,14011
618,1992,254,13534
619,1992,255,14206
620,1992,256,13061
621,1992,257,13687
622,1992,258,14323
623,1992,259,14164
624,1992,260,14239
625,1992,261,14237
626,1992,262,14202
627,1992,263,12593
628,1992,264,13391
629,1992,265,14206
630,1992,266,14142
631,1992,267,14358
632,1992,268,14310
633,1992,269,14281
634,1992,270,12558
635,1992,271,13436
636,1992,272,14402
637,1992,273,14445
638,1992,274,14373
639,1992,275,14363
640,1992,276,14333
641,1992,277,12636
642,1992,278,13465
643,1992,279,13318
644,1992,280,13262
645,1992,281,13303
646,1992,282,13214
647,1992,283,13184
648,1992,284,12021
649,1992,285,12654
650,1992,286,14390
651,1992,287,14386
652,1992,288,14214
653,1992,289,14000
654,1992,290,14046
655,1992,291,12635
656,1992,292,13436
657,1992,293,14375
658,1992,294,14350
659,1992,295,14386
660,1992,296,14372
661,1992,297,14411
662,1992,298,12727
663,1992,299,13543
664,1992,300,14448
665,1992,301,14372
666,1992,302,14343
667,1992,303,14279
668,1992,304,14287
669,1992,305,12682
670,1992,306,13220
671,1992,307,14060
672,1992,308,14031
673,1992,309,14189
674,1992,310,14073
675,1992,311,14216
676,1992,312,12573
677,1992,313,13442
678,1992,314,14273
679,1992,315,14208
680,1992,316,14156
681,1992,317,13893
682,1992,318,14196
683,1992,319,12516
684,1992,320,13238
685,1992,321,14286
686,1992,322,14200
687,1992,323,14214
688,1992,324,14121
689,1992,325,13911
690,1992,326,12375
691,1992,327,12888
692,1992,328,13444
693,1992,329,13961
694,1992,330,14180
695,1992,331,10709
696,1992,332,10427
697,1992,333,12028
698,1992,334,13552
699,1992,335,14320
700,1992,336,14185
701,1992,337,14155
702,1992,338,14127
703,1992,339,14174
704,1992,340,12422
705,1992,341,13178
706,1992,342,14036
707,1992,343,14097
708,1992,344,13940
709,1992,345,13096
710,1992,346,12721
711,1992,347,11549
712,1992,348,13153
713,1992,349,14080
714,1992,350,13924
715,1992,351,13978
716,1992,352,13774
717,1992,353,14110
718,1992,354,12579
719,1992,355,13410
720,1992,356,14280
721,1992,357,14174
722,1992,358,14067
723,1992,359,13321
724,1992,360,11598
725,1992,361,12674
726,1992,362,13215
727,1992,363,13372
728,1992,364,12852
729,1992,365,13212
730,1992,366,12843
731,1988,1,12657
732,1988,2,13231
733,1988,3,13881
734,1988,4,13829
735,1988,5,13848
736,1988,6,13053
737,1988,7,11012
738,1988,8,11459
739,1988,9,11995
740,1988,10,13115
741,1988,11,14162
742,1988,12,14278
743,1988,13,14318
744,1988,14,14425
745,1988,15,14469
746,1988,16,12999
747,1988,17,13234
748,1988,18,11988
749,1988,19,13618
750,1988,20,13580
751,1988,21,14084
752,1988,22,14547
753,1988,23,13034
754,1988,24,13825
755,1988,25,13845
756,1988,26,14139
757,1988,27,14473
758,1988,28,14423
759,1988,29,14558
760,1988,30,13081
761,1988,31,13730
762,1988,32,13997
763,1988,33,14128
764,1988,34,13854
765,1988,35,13627
766,1988,36,13984
767,1988,37,12665
768,1988,38,13559
769,1988,39,14233
770,1988,40,14400
771,1988,41,13817
772,1988,42,13100
773,1988,43,13329
774,1988,44,12821
775,1988,45,13415
776,1988,46,14264
777,1988,47,14432
778,1988,48,14627
779,1988,49,14371
780,1988,50,14274
781,1988,51,12919
782,1988,52,13739
783,1988,53,14477
784,1988,54,14485
785,1988,55,14612
786,1988,56,14664
787,1988,57,14684
788,1988,58,13075
789,1988,59,13798
790,1988,60,14644
791,1988,61,14498
792,1988,62,14418
793,1988,63,14307
794,1988,64,14312
795,1988,65,13028
796,1988,66,13857
797,1988,67,14557
798,1988,68,14615
799,1988,69,14450
800,1988,70,14398
801,1988,71,14406
802,1988,72,13037
803,1988,73,13632
804,1988,74,14615
805,1988,75,14557
806,1988,76,14549
807,1988,77,14461
808,1988,78,14503
809,1988,79,13208
810,1988,80,13787
811,1988,81,14612
812,1988,82,14662
813,1988,83,14538
814,1988,84,14218
815,1988,85,14373
816,1988,86,13096
817,1988,87,13837
818,1988,88,14619
819,1988,89,14555
820,1988,90,14706
821,1988,91,14491
822,1988,92,14529
823,1988,93,12828
824,1988,94,13839
825,1988,95,14643
826,1988,96,14741
827,1988,97,14377
828,1988,98,14621
829,1988,99,14596
830,1988,100,13300
831,1988,101,13903
832,1988,102,14574
833,1988,103,14748
834,1988,104,14577
835,1988,105,14473
836,1988,106,14498
837,1988,107,13062
838,1988,108,13584
839,1988,109,14262
840,1988,110,14251
841,1988,111,14319
842,1988,112,14278
843,1988,113,14282
844,1988,114,12688
845,1988,115,13671
846,1988,116,14431
847,1988,117,14368
848,1988,118,14405
849,1988,119,14488
850,1988,120,14480
851,1988,121,13031
852,1988,122,13597
853,1988,123,14248
854,1988,124,14384
855,1988,125,14434
856,1988,126,14317
857,1988,127,14402
858,1988,128,13085
859,1988,129,13431
860,1988,130,14194
861,1988,131,14414
862,1988,132,14437
863,1988,133,14480
864,1988,134,14536
865,1988,135,13079
866,1988,136,13650
867,1988,137,14191
868,1988,138,14262
869,1988,139,14328
870,1988,140,14289
871,1988,141,14321
872,1988,142,13089
873,1988,143,13641
874,1988,144,14192
875,1988,145,14189
876,1988,146,14403
877,1988,147,14523
878,1988,148,14593
879,1988,149,12463
880,1988,150,12214
881,1988,151,13792
882,1988,152,13040
883,1988,153,14324
884,1988,154,14406
885,1988,155,14596
886,1988,156,13281
887,1988,157,13862
888,1988,158,14556
889,1988,159,14661
890,1988,160,14478
891,1988,161,14427
892,1988,162,14540
893,1988,163,13398
894,1988,164,13948
895,1988,165,14667
896,1988,166,14607
897,1988,167,14563
898,1988,168,14507
899,1988,169,14543
900,1988,170,13365
901,1988,171,13944
902,1988,172,14533
903,1988,173,14627
904,1988,174,14457
905,1988,175,14569
906,1988,176,14723
907,1988,177,13426
908,1988,178,13880
909,1988,179,14699
910,1988,180,14551
911,1988,181,14538
912,1988,182,14486
913,1988,183,14562
914,1988,184,12772
915,1988,185,12093
916,1988,186,13462
917,1988,187,14552
918,1988,188,14607
919,1988,189,14597
920,1988,190,14564
921,1988,191,13446
922,1988,192,13864
923,1988,193,14593
924,1988,194,14524
925,1988,195,14676
926,1988,196,14519
927,1988,197,14608
928,1988,198,13208
929,1988,199,13666
930,1988,200,14447
931,1988,201,14584
932,1988,202,14363
933,1988,203,14321
934,1988,204,14456
935,1988,205,13411
936,1988,206,13942
937,1988,207,14564
938,1988,208,13912
939,1988,209,14374
940,1988,210,14484
941,1988,211,14511
942,1988,212,13317
943,1988,213,13916
944,1988,214,14478
945,1988,215,14394
946,1988,216,14501
947,1988,217,14426
948,1988,218,14270
949,1988,219,13312
950,1988,220,13950
951,1988,221,14368
952,1988,222,14497
953,1988,223,14399
954,1988,224,14467
955,1988,225,14535
956,1988,226,13346
957,1988,227,13950
958,1988,228,14565
959,1988,229,14684
960,1988,230,14461
961,1988,231,14219
962,1988,232,14475
963,1988,233,13316
964,1988,234,14027
965,1988,235,14724
966,1988,236,14594
967,1988,237,14618
968,1988,238,14642
969,1988,239,14616
970,1988,240,13471
971,1988,241,13997
972,1988,242,14545
973,1988,243,14618
974,1988,244,14567
975,1988,245,14535
976,1988,246,14507
977,1988,247,12299
978,1988,248,11675
979,1988,249,13537
980,1988,250,14458
981,1988,251,14610
982,1988,252,14623
983,1988,253,14564
984,1988,254,13153
985,1988,255,13726
986,1988,256,14281
987,1988,257,14542
988,1988,258,14456
989,1988,259,14497
990,1988,260,14176
991,1988,261,12931
992,1988,262,13531
993,1988,263,14193
994,1988,264,14494
995,1988,265,14605
996,1988,266,14438
997,1988,267,14493
998,1988,268,13066
999,1988,269,13774
1000,1988,270,14608
1001,1988,271,14490
1002,1988,272,14547
1003,1988,273,14240
1004,1988,274,14180
1005,1988,275,13057
1006,1988,276,13736
1007,1988,277,14563
1008,1988,278,14512
1009,1988,279,14494
1010,1988,280,14634
1011,1988,281,14601
1012,1988,282,13108
1013,1988,283,13727
1014,1988,284,14476
1015,1988,285,14483
1016,1988,286,14600
1017,1988,287,14545
1018,1988,288,14536
1019,1988,289,13171
1020,1988,290,13793
1021,1988,291,13945
1022,1988,292,14387
1023,1988,293,14589
1024,1988,294,14364
1025,1988,295,14360
1026,1988,296,13109
1027,1988,297,13760
1028,1988,298,14496
1029,1988,299,14557
1030,1988,300,14499
1031,1988,301,14465
1032,1988,302,14367
1033,1988,303,13173
1034,1988,304,13788
1035,1988,305,14646
1036,1988,306,14408
1037,1988,307,14497
1038,1988,308,14530
1039,1988,309,13808
1040,1988,310,12609
1041,1988,311,13662
1042,1988,312,14611
1043,1988,313,14586
1044,1988,314,14416
1045,1988,315,14363
1046,1988,316,14484
1047,1988,317,13022
1048,1988,318,13640
1049,1988,319,14612
1050,1988,320,14121
1051,1988,321,14234
1052,1988,322,14442
1053,1988,323,14398
1054,1988,324,12789
1055,1988,325,13269
1056,1988,326,14441
1057,1988,327,14484
1058,1988,328,14625
1059,1988,329,11431
1060,1988,330,11099
1061,1988,331,12383
1062,1988,332,13741
1063,1988,333,14526
1064,1988,334,14597
1065,1988,335,14465
1066,1988,336,14421
1067,1988,337,14568
1068,1988,338,13099
1069,1988,339,13828
1070,1988,340,14684
1071,1988,341,14660
1072,1988,342,14536
1073,1988,343,14457
1074,1988,344,14438
1075,1988,345,13131
1076,1988,346,13632
1077,1988,347,14377
1078,1988,348,14288
1079,1988,349,14382
1080,1988,350,14281
1081,1988,351,14371
1082,1988,352,12861
1083,1988,353,13697
1084,1988,354,14447
1085,1988,355,14303
1086,1988,356,14410
1087,1988,357,14312
1088,1988,358,14310
1089,1988,359,12387
1090,1988,360,12626
1091,1988,361,13342
1092,1988,362,13632
1093,1988,363,13796
1094,1988,364,14180
1095,1988,365,14234
1096,1988,366,12784
1097,1989,1,12946
1098,1989,2,13895
1099,1989,3,14014
1100,1989,4,14229
1101,1989,5,14331
1102,1989,6,13244
1103,1989,7,12386
1104,1989,8,12906
1105,1989,9,14259
1106,1989,10,14331
1107,1989,11,14035
1108,1989,12,14054
1109,1989,13,14339
1110,1989,14,12858
1111,1989,15,13451
1112,1989,16,14505
1113,1989,17,14527
1114,1989,18,14461
1115,1989,19,14353
1116,1989,20,14265
1117,1989,21,12912
1118,1989,22,13685
1119,1989,23,14634
1120,1989,24,14591
1121,1989,25,13994
1122,1989,26,14251
1123,1989,27,14500
1124,1989,28,12596
1125,1989,29,13554
1126,1989,30,14546
1127,1989,31,14608
1128,1989,32,14031
1129,1989,33,13832
1130,1989,34,13332
1131,1989,35,11963
1132,1989,36,12266
1133,1989,37,13446
1134,1989,38,14234
1135,1989,39,14284
1136,1989,40,14177
1137,1989,41,14395
1138,1989,42,12789
1139,1989,43,13641
1140,1989,44,14116
1141,1989,45,14420
1142,1989,46,14210
1143,1989,47,14420
1144,1989,48,14154
1145,1989,49,12405
1146,1989,50,13391
1147,1989,51,13954
1148,1989,52,14012
1149,1989,53,14384
1150,1989,54,14336
1151,1989,55,13898
1152,1989,56,13104
1153,1989,57,13647
1154,1989,58,14442
1155,1989,59,14329
1156,1989,60,14103
1157,1989,61,13826
1158,1989,62,13751
1159,1989,63,11024
1160,1989,64,11801
1161,1989,65,12183
1162,1989,66,13082
1163,1989,67,13121
1164,1989,68,13548
1165,1989,69,13693
1166,1989,70,12502
1167,1989,71,12980
1168,1989,72,13699
1169,1989,73,13388
1170,1989,74,13709
1171,1989,75,13739
1172,1989,76,13557
1173,1989,77,12093
1174,1989,78,13048
1175,1989,79,13512
1176,1989,80,13693
1177,1989,81,13771
1178,1989,82,13758
1179,1989,83,13763
1180,1989,84,12438
1181,1989,85,13090
1182,1989,86,13798
1183,1989,87,13590
1184,1989,88,13737
1185,1989,89,13569
1186,1989,90,13418
1187,1989,91,12341
1188,1989,92,12838
1189,1989,93,13489
1190,1989,94,13341
1191,1989,95,13659
1192,1989,96,13690
1193,1989,97,13799
1194,1989,98,12391
1195,1989,99,12883
1196,1989,100,13900
1197,1989,101,13903
1198,1989,102,13881
1199,1989,103,13844
1200,1989,104,13808
1201,1989,105,12483
1202,1989,106,13030
1203,1989,107,13843
1204,1989,108,13805
1205,1989,109,13834
1206,1989,110,13826
1207,1989,111,13919
1208,1989,112,12641
1209,1989,113,13068
1210,1989,114,13837
1211,1989,115,13830
1212,1989,116,13865
1213,1989,117,13853
1214,1989,118,13714
1215,1989,119,12491
1216,1989,120,13016
1217,1989,121,13607
1218,1989,122,13669
1219,1989,123,13546
1220,1989,124,13584
1221,1989,125,13655
1222,1989,126,12334
1223,1989,127,12937
1224,1989,128,13797
1225,1989,129,13708
1226,1989,130,13483
1227,1989,131,13630
1228,1989,132,13658
1229,1989,133,12421
1230,1989,134,13050
1231,1989,135,13616
1232,1989,136,13305
1233,1989,137,13550
1234,1989,138,13501
1235,1989,139,13503
1236,1989,140,12407
1237,1989,141,12928
1238,1989,142,13743
1239,1989,143,13689
1240,1989,144,13580
1241,1989,145,13609
1242,1989,146,13553
1243,1989,147,11882
1244,1989,148,11959
1245,1989,149,13328
1246,1989,150,13760
1247,1989,151,13518
1248,1989,152,13287
1249,1989,153,13726
1250,1989,154,12511
1251,1989,155,13075
1252,1989,156,13804
1253,1989,157,13715
1254,1989,158,13449
1255,1989,159,13604
1256,1989,160,13609
1257,1989,161,12756
1258,1989,162,13146
1259,1989,163,13523
1260,1989,164,13300
1261,1989,165,13482
1262,1989,166,13521
1263,1989,167,13652
1264,1989,168,12667
1265,1989,169,13151
1266,1989,170,13703
1267,1989,171,13621
1268,1989,172,13697
1269,1989,173,13363
1270,1989,174,13478
1271,1989,175,12505
1272,1989,176,13176
1273,1989,177,13374
1274,1989,178,13444
1275,1989,179,13583
1276,1989,180,13539
1277,1989,181,13669
1278,1989,182,12412
1279,1989,183,12198
1280,1989,184,12288
1281,1989,185,13084
1282,1989,186,13697
1283,1989,187,13605
1284,1989,188,13860
1285,1989,189,12786
1286,1989,190,13246
1287,1989,191,13735
1288,1989,192,13461
1289,1989,193,13630
1290,1989,194,13803
1291,1989,195,13833
1292,1989,196,12880
1293,1989,197,13300
1294,1989,198,13812
1295,1989,199,13646
1296,1989,200,13641
1297,1989,201,13481
1298,1989,202,13576
1299,1989,203,12722
1300,1989,204,13134
1301,1989,205,13844
1302,1989,206,13604
1303,1989,207,13407
1304,1989,208,13196
1305,1989,209,13557
1306,1989,210,12645
1307,1989,211,13136
1308,1989,212,13757
1309,1989,213,13555
1310,1989,214,13837
1311,1989,215,13814
1312,1989,216,13748
1313,1989,217,12755
1314,1989,218,13079
1315,1989,219,13915
1316,1989,220,13921
1317,1989,221,13943
1318,1989,222,13894
1319,1989,223,13642
1320,1989,224,12749
1321,1989,225,13284
1322,1989,226,13721
1323,1989,227,13694
1324,1989,228,13749
1325,1989,229,13712
1326,1989,230,13968
1327,1989,231,12866
1328,1989,232,13260
1329,1989,233,13805
1330,1989,234,13653
1331,1989,235,13890
1332,1989,236,13832
1333,1989,237,14001
1334,1989,238,12926
1335,1989,239,13318
1336,1989,240,13854
1337,1989,241,14035
1338,1989,242,14093
1339,1989,243,13992
1340,1989,244,13743
1341,1989,245,12304
1342,1989,246,11892
1343,1989,247,13526
1344,1989,248,14278
1345,1989,249,14045
1346,1989,250,14205
1347,1989,251,14176
1348,1989,252,12862
1349,1989,253,13529
1350,1989,254,14235
1351,1989,255,14206
1352,1989,256,14097
1353,1989,257,14019
1354,1989,258,14064
1355,1989,259,12858
1356,1989,260,13346
1357,1989,261,14024
1358,1989,262,14098
1359,1989,263,13779
1360,1989,264,13611
1361,1989,265,12955
1362,1989,266,12276
1363,1989,267,13158
1364,1989,268,14132
1365,1989,269,14168
1366,1989,270,14178
1367,1989,271,14199
1368,1989,272,14168
1369,1989,273,12851
1370,1989,274,13264
1371,1989,275,14275
1372,1989,276,14304
1373,1989,277,14321
1374,1989,278,14344
1375,1989,279,14347
1376,1989,280,12960
1377,1989,281,13592
1378,1989,282,14322
1379,1989,283,14303
1380,1989,284,14384
1381,1989,285,14345
1382,1989,286,14396
1383,1989,287,13057
1384,1989,288,13438
1385,1989,289,14107
1386,1989,290,13793
1387,1989,291,13648
1388,1989,292,13888
1389,1989,293,13854
1390,1989,294,12797
1391,1989,295,13543
1392,1989,296,14293
1393,1989,297,14369
1394,1989,298,14413
1395,1989,299,14479
1396,1989,300,14385
1397,1989,301,12837
1398,1989,302,13469
1399,1989,303,14128
1400,1989,304,14278
1401,1989,305,14363
1402,1989,306,14457
1403,1989,307,14290
1404,1989,308,12997
1405,1989,309,13644
1406,1989,310,14380
1407,1989,311,13952
1408,1989,312,14189
1409,1989,313,14338
1410,1989,314,14389
1411,1989,315,13001
1412,1989,316,13575
1413,1989,317,14427
1414,1989,318,14413
1415,1989,319,14029
1416,1989,320,13656
1417,1989,321,14365
1418,1989,322,12938
1419,1989,323,13597
1420,1989,324,14329
1421,1989,325,14128
1422,1989,326,14252
1423,1989,327,11363
1424,1989,328,10946
1425,1989,329,12308
1426,1989,330,13687
1427,1989,331,14073
1428,1989,332,14204
1429,1989,333,14461
1430,1989,334,14509
1431,1989,335,14399
1432,1989,336,12962
1433,1989,337,13503
1434,1989,338,14367
1435,1989,339,14225
1436,1989,340,14254
1437,1989,341,14211
1438,1989,342,13373
1439,1989,343,12010
1440,1989,344,13083
1441,1989,345,14063
1442,1989,346,14095
1443,1989,347,14275
1444,1989,348,14145
1445,1989,349,13685
1446,1989,350,12498
1447,1989,351,13288
1448,1989,352,14128
1449,1989,353,13853
1450,1989,354,14025
1451,1989,355,13994
1452,1989,356,13864
1453,1989,357,12265
1454,1989,358,11878
1455,1989,359,12628
1456,1989,360,13945
1457,1989,361,13952
1458,1989,362,14131
1459,1989,363,14030
1460,1989,364,11601
1461,1989,365,11492
1462,1994,1,12074
1463,1994,2,13483
1464,1994,3,13961
1465,1994,4,11877
1466,1994,5,13395
1467,1994,6,13255
1468,1994,7,12786
1469,1994,8,11357
1470,1994,9,13059
1471,1994,10,13817
1472,1994,11,13889
1473,1994,12,12933
1474,1994,13,13709
1475,1994,14,13775
1476,1994,15,12361
1477,1994,16,12333
1478,1994,17,11477
1479,1994,18,12175
1480,1994,19,12724
1481,1994,20,13386
1482,1994,21,13746
1483,1994,22,12528
1484,1994,23,13126
1485,1994,24,13933
1486,1994,25,13477
1487,1994,26,12982
1488,1994,27,12176
1489,1994,28,12907
1490,1994,29,11947
1491,1994,30,12909
1492,1994,31,14016
1493,1994,32,13961
1494,1994,33,14051
1495,1994,34,14079
1496,1994,35,14058
1497,1994,36,12563
1498,1994,37,13294
1499,1994,38,13847
1500,1994,39,10864
1501,1994,40,11805
1502,1994,41,12578
1503,1994,42,10464
1504,1994,43,11580
1505,1994,44,12900
1506,1994,45,14043
1507,1994,46,14223
1508,1994,47,14257
1509,1994,48,14127
1510,1994,49,14270
1511,1994,50,12609
1512,1994,51,13298
1513,1994,52,13574
1514,1994,53,13726
1515,1994,54,12295
1516,1994,55,13624
1517,1994,56,12767
1518,1994,57,12325
1519,1994,58,13301
1520,1994,59,14107
1521,1994,60,13825
1522,1994,61,13231
1523,1994,62,13035
1524,1994,63,14155
1525,1994,64,12782
1526,1994,65,13337
1527,1994,66,13881
1528,1994,67,13566
1529,1994,68,13881
1530,1994,69,14133
1531,1994,70,14390
1532,1994,71,12851
1533,1994,72,13571
1534,1994,73,14375
1535,1994,74,14493
1536,1994,75,14363
1537,1994,76,14220
1538,1994,77,13934
1539,1994,78,12694
1540,1994,79,13563
1541,1994,80,14314
1542,1994,81,14382
1543,1994,82,14395
1544,1994,83,14257
1545,1994,84,14285
1546,1994,85,12691
1547,1994,86,13371
1548,1994,87,14213
1549,1994,88,14374
1550,1994,89,14435
1551,1994,90,14451
1552,1994,91,14492
1553,1994,92,12769
1554,1994,93,13579
1555,1994,94,14333
1556,1994,95,14215
1557,1994,96,14150
1558,1994,97,14359
1559,1994,98,14515
1560,1994,99,12911
1561,1994,100,13510
1562,1994,101,14119
1563,1994,102,14189
1564,1994,103,13972
1565,1994,104,14267
1566,1994,105,13956
1567,1994,106,12763
1568,1994,107,13603
1569,1994,108,14443
1570,1994,109,14455
1571,1994,110,14298
1572,1994,111,14239
1573,1994,112,14349
1574,1994,113,12948
1575,1994,114,13622
1576,1994,115,14216
1577,1994,116,14198
1578,1994,117,14146
1579,1994,118,14216
1580,1994,119,14083
1581,1994,120,12779
1582,1994,121,13563
1583,1994,122,14221
1584,1994,123,14377
1585,1994,124,14410
1586,1994,125,14262
1587,1994,126,14408
1588,1994,127,12909
1589,1994,128,13706
1590,1994,129,14408
1591,1994,130,14449
1592,1994,131,14423
1593,1994,132,14351
1594,1994,133,14338
1595,1994,134,12822
1596,1994,135,13622
1597,1994,136,14387
1598,1994,137,14433
1599,1994,138,14445
1600,1994,139,14364
1601,1994,140,14584
1602,1994,141,13036
1603,1994,142,13790
1604,1994,143,14471
1605,1994,144,14462
1606,1994,145,14221
1607,1994,146,14086
1608,1994,147,14360
1609,1994,148,12328
1610,1994,149,12521
1611,1994,150,13865
1612,1994,151,14479
1613,1994,152,14520
1614,1994,153,14341
1615,1994,154,14409
1616,1994,155,13073
1617,1994,156,13719
1618,1994,157,14384
1619,1994,158,14405
1620,1994,159,14489
1621,1994,160,14442
1622,1994,161,14276
1623,1994,162,13124
1624,1994,163,13774
1625,1994,164,14173
1626,1994,165,14347
1627,1994,166,14430
1628,1994,167,14184
1629,1994,168,14230
1630,1994,169,13243
1631,1994,170,13731
1632,1994,171,14289
1633,1994,172,14348
1634,1994,173,14484
1635,1994,174,14365
1636,1994,175,14026
1637,1994,176,13211
1638,1994,177,13721
1639,1994,178,14403
1640,1994,179,14426
1641,1994,180,13966
1642,1994,181,14108
1643,1994,182,14408
1644,1994,183,13005
1645,1994,184,12688
1646,1994,185,13771
1647,1994,186,14522
1648,1994,187,14520
1649,1994,188,14327
1650,1994,189,14294
1651,1994,190,13426
1652,1994,191,13993
1653,1994,192,14685
1654,1994,193,14506
1655,1994,194,14574
1656,1994,195,14346
1657,1994,196,14433
1658,1994,197,13531
1659,1994,198,14122
1660,1994,199,14546
1661,1994,200,14567
1662,1994,201,14506
1663,1994,202,14272
1664,1994,203,14261
1665,1994,204,13276
1666,1994,205,13968
1667,1994,206,14489
1668,1994,207,14332
1669,1994,208,14548
1670,1994,209,14472
1671,1994,210,14613
1672,1994,211,13501
1673,1994,212,14139
1674,1994,213,14558
1675,1994,214,14510
1676,1994,215,14606
1677,1994,216,14499
1678,1994,217,14416
1679,1994,218,13530
1680,1994,219,13959
1681,1994,220,14753
1682,1994,221,14839
1683,1994,222,14778
1684,1994,223,14694
1685,1994,224,14675
1686,1994,225,13404
1687,1994,226,13823
1688,1994,227,14634
1689,1994,228,14651
1690,1994,229,14661
1691,1994,230,14699
1692,1994,231,14577
1693,1994,232,13513
1694,1994,233,13995
1695,1994,234,14613
1696,1994,235,14781
1697,1994,236,14834
1698,1994,237,14770
1699,1994,238,14787
1700,1994,239,13634
1701,1994,240,14175
1702,1994,241,14901
1703,1994,242,14808
1704,1994,243,14466
1705,1994,244,14640
1706,1994,245,14690
1707,1994,246,12873
1708,1994,247,12599
1709,1994,248,14064
1710,1994,249,14786
1711,1994,250,14847
1712,1994,251,14636
1713,1994,252,14613
1714,1994,253,13392
1715,1994,254,13989
1716,1994,255,14675
1717,1994,256,14712
1718,1994,257,14544
1719,1994,258,14614
1720,1994,259,14646
1721,1994,260,13214
1722,1994,261,13830
1723,1994,262,14644
1724,1994,263,14682
1725,1994,264,14711
1726,1994,265,14592
1727,1994,266,14517
1728,1994,267,13117
1729,1994,268,13821
1730,1994,269,14603
1731,1994,270,14587
1732,1994,271,14625
1733,1994,272,14662
1734,1994,273,14643
1735,1994,274,13294
1736,1994,275,13891
1737,1994,276,14664
1738,1994,277,14784
1739,1994,278,14947
1740,1994,279,14765
1741,1994,280,14614
1742,1994,281,13427
1743,1994,282,14042
1744,1994,283,14888
1745,1994,284,14878
1746,1994,285,14862
1747,1994,286,14899
1748,1994,287,14763
1749,1994,288,13452
1750,1994,289,14093
1751,1994,290,14622
1752,1994,291,14391
1753,1994,292,14765
1754,1994,293,14524
1755,1994,294,14634
1756,1994,295,13365
1757,1994,296,14014
1758,1994,297,14673
1759,1994,298,14757
1760,1994,299,14796
1761,1994,300,14814
1762,1994,301,14795
1763,1994,302,13458
1764,1994,303,14041
1765,1994,304,14550
1766,1994,305,14399
1767,1994,306,14800
1768,1994,307,14507
1769,1994,308,14596
1770,1994,309,13096
1771,1994,310,13995
1772,1994,311,14937
1773,1994,312,14884
1774,1994,313,14629
1775,1994,314,14581
1776,1994,315,14767
1777,1994,316,13345
1778,1994,317,14122
1779,1994,318,14696
1780,1994,319,14727
1781,1994,320,14590
1782,1994,321,14542
1783,1994,322,14600
1784,1994,323,13476
1785,1994,324,14099
1786,1994,325,14602
1787,1994,326,14685
1788,1994,327,14728
1789,1994,328,11500
1790,1994,329,11464
1791,1994,330,13062
1792,1994,331,13648
1793,1994,332,14258
1794,1994,333,14562
1795,1994,334,14821
1796,1994,335,14281
1797,1994,336,14697
1798,1994,337,13439
1799,1994,338,13987
1800,1994,339,14237
1801,1994,340,13853
1802,1994,341,14067
1803,1994,342,14638
1804,1994,343,14532
1805,1994,344,13305
1806,1994,345,14072
1807,1994,346,14716
1808,1994,347,14660
1809,1994,348,14580
1810,1994,349,14523
1811,1994,350,14539
1812,1994,351,13371
1813,1994,352,14128
1814,1994,353,14819
1815,1994,354,14717
1816,1994,355,14577
1817,1994,356,14756
1818,1994,357,14785
1819,1994,358,12700
1820,1994,359,12733
1821,1994,360,14536
1822,1994,361,14767
1823,1994,362,14775
1824,1994,363,14859
1825,1994,364,14612
1826,1994,365,12962
1827,1993,1,12061
1828,1993,2,12126
1829,1993,3,13116
1830,1993,4,13881
1831,1993,5,13949
1832,1993,6,13949
1833,1993,7,13705
1834,1993,8,13715
1835,1993,9,12149
1836,1993,10,12307
1837,1993,11,13487
1838,1993,12,13196
1839,1993,13,13239
1840,1993,14,13922
1841,1993,15,13764
1842,1993,16,12273
1843,1993,17,12966
1844,1993,18,13775
1845,1993,19,13810
1846,1993,20,13553
1847,1993,21,13571
1848,1993,22,13624
1849,1993,23,12421
1850,1993,24,13281
1851,1993,25,14071
1852,1993,26,14055
1853,1993,27,14081
1854,1993,28,14094
1855,1993,29,13950
1856,1993,30,12615
1857,1993,31,13299
1858,1993,32,14088
1859,1993,33,14120
1860,1993,34,14008
1861,1993,35,13947
1862,1993,36,13993
1863,1993,37,12088
1864,1993,38,13170
1865,1993,39,14041
1866,1993,40,14010
1867,1993,41,13862
1868,1993,42,13743
1869,1993,43,13079
1870,1993,44,12258
1871,1993,45,13181
1872,1993,46,13464
1873,1993,47,12980
1874,1993,48,13884
1875,1993,49,13796
1876,1993,50,13933
1877,1993,51,12350
1878,1993,52,12097
1879,1993,53,13074
1880,1993,54,13805
1881,1993,55,13795
1882,1993,56,12956
1883,1993,57,13585
1884,1993,58,12497
1885,1993,59,13298
1886,1993,60,14083
1887,1993,61,13898
1888,1993,62,14040
1889,1993,63,13309
1890,1993,64,13829
1891,1993,65,12711
1892,1993,66,13616
1893,1993,67,14256
1894,1993,68,14216
1895,1993,69,13742
1896,1993,70,13895
1897,1993,71,14082
1898,1993,72,7448
1899,1993,73,9565
1900,1993,74,12982
1901,1993,75,13613
1902,1993,76,13823
1903,1993,77,13980
1904,1993,78,13971
1905,1993,79,12683
1906,1993,80,13488
1907,1993,81,14111
1908,1993,82,14021
1909,1993,83,13873
1910,1993,84,13935
1911,1993,85,13872
1912,1993,86,12549
1913,1993,87,13182
1914,1993,88,14093
1915,1993,89,13979
1916,1993,90,13866
1917,1993,91,13450
1918,1993,92,14068
1919,1993,93,12521
1920,1993,94,13332
1921,1993,95,14296
1922,1993,96,14254
1923,1993,97,14201
1924,1993,98,14227
1925,1993,99,14126
1926,1993,100,12760
1927,1993,101,13535
1928,1993,102,14304
1929,1993,103,14250
1930,1993,104,14023
1931,1993,105,14012
1932,1993,106,14052
1933,1993,107,12761
1934,1993,108,13539
1935,1993,109,14005
1936,1993,110,14138
1937,1993,111,14201
1938,1993,112,14237
1939,1993,113,14220
1940,1993,114,12746
1941,1993,115,13499
1942,1993,116,14127
1943,1993,117,14314
1944,1993,118,14369
1945,1993,119,14238
1946,1993,120,14149
1947,1993,121,12722
1948,1993,122,13331
1949,1993,123,14147
1950,1993,124,14034
1951,1993,125,14001
1952,1993,126,14011
1953,1993,127,14192
1954,1993,128,12791
1955,1993,129,13344
1956,1993,130,14260
1957,1993,131,14323
1958,1993,132,14188
1959,1993,133,14227
1960,1993,134,14334
1961,1993,135,12819
1962,1993,136,13439
1963,1993,137,14289
1964,1993,138,14281
1965,1993,139,14243
1966,1993,140,14310
1967,1993,141,14360
1968,1993,142,12841
1969,1993,143,13473
1970,1993,144,14281
1971,1993,145,14310
1972,1993,146,14367
1973,1993,147,14329
1974,1993,148,14285
1975,1993,149,12076
1976,1993,150,12291
1977,1993,151,13903
1978,1993,152,14293
1979,1993,153,14365
1980,1993,154,14371
1981,1993,155,14288
1982,1993,156,12951
1983,1993,157,13535
1984,1993,158,13947
1985,1993,159,13817
1986,1993,160,13818
1987,1993,161,14152
1988,1993,162,14377
1989,1993,163,13222
1990,1993,164,13783
1991,1993,165,14308
1992,1993,166,14412
1993,1993,167,14388
1994,1993,168,14277
1995,1993,169,14221
1996,1993,170,13089
1997,1993,171,13585
1998,1993,172,14063
1999,1993,173,14343
2000,1993,174,14289
2001,1993,175,14303
2002,1993,176,14114
2003,1993,177,13105
2004,1993,178,13769
2005,1993,179,14403
2006,1993,180,14379
2007,1993,181,14480
2008,1993,182,14297
2009,1993,183,14351
2010,1993,184,12534
2011,1993,185,11941
2012,1993,186,13800
2013,1993,187,14322
2014,1993,188,14376
2015,1993,189,14403
2016,1993,190,14473
2017,1993,191,13124
2018,1993,192,13729
2019,1993,193,14393
2020,1993,194,14456
2021,1993,195,14133
2022,1993,196,14314
2023,1993,197,14336
2024,1993,198,13232
2025,1993,199,13482
2026,1993,200,14286
2027,1993,201,14338
2028,1993,202,14383
2029,1993,203,14359
2030,1993,204,14422
2031,1993,205,13241
2032,1993,206,13539
2033,1993,207,14400
2034,1993,208,14440
2035,1993,209,14416
2036,1993,210,14445
2037,1993,211,14379
2038,1993,212,13220
2039,1993,213,13831
2040,1993,214,14483
2041,1993,215,14401
2042,1993,216,14437
2043,1993,217,14405
2044,1993,218,14256
2045,1993,219,13213
2046,1993,220,13755
2047,1993,221,14484
2048,1993,222,14489
2049,1993,223,14319
2050,1993,224,14218
2051,1993,225,14399
2052,1993,226,13096
2053,1993,227,13631
2054,1993,228,14296
2055,1993,229,14412
2056,1993,230,14499
2057,1993,231,14441
2058,1993,232,14334
2059,1993,233,13353
2060,1993,234,13858
2061,1993,235,14421
2062,1993,236,14437
2063,1993,237,14473
2064,1993,238,14419
2065,1993,239,14550
2066,1993,240,13312
2067,1993,241,13817
2068,1993,242,14361
2069,1993,243,14261
2070,1993,244,14531
2071,1993,245,14159
2072,1993,246,14418
2073,1993,247,12467
2074,1993,248,11817
2075,1993,249,13752
2076,1993,250,14401
2077,1993,251,14242
2078,1993,252,14269
2079,1993,253,14290
2080,1993,254,12813
2081,1993,255,13393
2082,1993,256,13872
2083,1993,257,14044
2084,1993,258,14154
2085,1993,259,14168
2086,1993,260,14044
2087,1993,261,12481
2088,1993,262,13304
2089,1993,263,14142
2090,1993,264,14078
2091,1993,265,14121
2092,1993,266,14099
2093,1993,267,14142
2094,1993,268,12385
2095,1993,269,13172
2096,1993,270,13700
2097,1993,271,14169
2098,1993,272,14110
2099,1993,273,14066
2100,1993,274,14167
2101,1993,275,12630
2102,1993,276,13305
2103,1993,277,14185
2104,1993,278,14259
2105,1993,279,14267
2106,1993,280,14236
2107,1993,281,14045
2108,1993,282,12568
2109,1993,283,13382
2110,1993,284,14206
2111,1993,285,14153
2112,1993,286,14142
2113,1993,287,14102
2114,1993,288,13932
2115,1993,289,12272
2116,1993,290,13206
2117,1993,291,14098
2118,1993,292,13827
2119,1993,293,13821
2120,1993,294,14021
2121,1993,295,14125
2122,1993,296,12622
2123,1993,297,13432
2124,1993,298,14253
2125,1993,299,14165
2126,1993,300,14122
2127,1993,301,14195
2128,1993,302,13962
2129,1993,303,12289
2130,1993,304,13177
2131,1993,305,14183
2132,1993,306,14172
2133,1993,307,14114
2134,1993,308,14051
2135,1993,309,13983
2136,1993,310,12558
2137,1993,311,13330
2138,1993,312,14221
2139,1993,313,14116
2140,1993,314,14178
2141,1993,315,14190
2142,1993,316,14095
2143,1993,317,12590
2144,1993,318,12917
2145,1993,319,14055
2146,1993,320,13923
2147,1993,321,13945
2148,1993,322,13876
2149,1993,323,13928
2150,1993,324,12188
2151,1993,325,12926
2152,1993,326,13699
2153,1993,327,13397
2154,1993,328,13434
2155,1993,329,10133
2156,1993,330,9890
2157,1993,331,12292
2158,1993,332,13499
2159,1993,333,14019
2160,1993,334,14214
2161,1993,335,14208
2162,1993,336,13963
2163,1993,337,13738
2164,1993,338,12477
2165,1993,339,13288
2166,1993,340,14221
2167,1993,341,14203
2168,1993,342,14014
2169,1993,343,14176
2170,1993,344,14108
2171,1993,345,12257
2172,1993,346,13193
2173,1993,347,14106
2174,1993,348,13983
2175,1993,349,14061
2176,1993,350,14071
2177,1993,351,14117
2178,1993,352,12708
2179,1993,353,13362
2180,1993,354,14118
2181,1993,355,13832
2182,1993,356,13828
2183,1993,357,14012
2184,1993,358,12155
2185,1993,359,11439
2186,1993,360,13375
2187,1993,361,13772
2188,1993,362,13535
2189,1993,363,13499
2190,1993,364,13509
2191,1993,365,12664
2192,1991,1,13557
2193,1991,2,13896
2194,1991,3,13841
2195,1991,4,13596
2196,1991,5,11789
2197,1991,6,12882
2198,1991,7,13621
2199,1991,8,13706
2200,1991,9,13245
2201,1991,10,13387
2202,1991,11,12577
2203,1991,12,11827
2204,1991,13,13059
2205,1991,14,14062
2206,1991,15,13810
2207,1991,16,13712
2208,1991,17,13924
2209,1991,18,13857
2210,1991,19,12314
2211,1991,20,13032
2212,1991,21,13948
2213,1991,22,14009
2214,1991,23,14052
2215,1991,24,13965
2216,1991,25,14015
2217,1991,26,12096
2218,1991,27,12940
2219,1991,28,13919
2220,1991,29,13737
2221,1991,30,13812
2222,1991,31,14019
2223,1991,32,14073
2224,1991,33,12233
2225,1991,34,13030
2226,1991,35,14017
2227,1991,36,13707
2228,1991,37,12876
2229,1991,38,13534
2230,1991,39,13748
2231,1991,40,12040
2232,1991,41,13051
2233,1991,42,14171
2234,1991,43,14048
2235,1991,44,14098
2236,1991,45,13422
2237,1991,46,13650
2238,1991,47,12407
2239,1991,48,13228
2240,1991,49,13786
2241,1991,50,13796
2242,1991,51,14213
2243,1991,52,14121
2244,1991,53,14201
2245,1991,54,12431
2246,1991,55,13284
2247,1991,56,14256
2248,1991,57,14066
2249,1991,58,14087
2250,1991,59,14087
2251,1991,60,13927
2252,1991,61,12277
2253,1991,62,13094
2254,1991,63,13946
2255,1991,64,14193
2256,1991,65,14229
2257,1991,66,14296
2258,1991,67,14291
2259,1991,68,12634
2260,1991,69,13285
2261,1991,70,14277
2262,1991,71,13909
2263,1991,72,13905
2264,1991,73,14187
2265,1991,74,14006
2266,1991,75,12487
2267,1991,76,13234
2268,1991,77,14120
2269,1991,78,14149
2270,1991,79,14222
2271,1991,80,13895
2272,1991,81,14097
2273,1991,82,12348
2274,1991,83,13275
2275,1991,84,14234
2276,1991,85,14115
2277,1991,86,13696
2278,1991,87,14008
2279,1991,88,14018
2280,1991,89,12551
2281,1991,90,13376
2282,1991,91,14332
2283,1991,92,14369
2284,1991,93,14375
2285,1991,94,14342
2286,1991,95,14232
2287,1991,96,12490
2288,1991,97,13358
2289,1991,98,14265
2290,1991,99,14131
2291,1991,100,14268
2292,1991,101,14238
2293,1991,102,14304
2294,1991,103,12407
2295,1991,104,13174
2296,1991,105,14202
2297,1991,106,14379
2298,1991,107,14303
2299,1991,108,14308
2300,1991,109,14353
2301,1991,110,12610
2302,1991,111,13426
2303,1991,112,14451
2304,1991,113,14395
2305,1991,114,14430
2306,1991,115,14382
2307,1991,116,14385
2308,1991,117,12656
2309,1991,118,13323
2310,1991,119,14210
2311,1991,120,14201
2312,1991,121,14251
2313,1991,122,14193
2314,1991,123,14135
2315,1991,124,12228
2316,1991,125,13218
2317,1991,126,14200
2318,1991,127,14398
2319,1991,128,14216
2320,1991,129,14312
2321,1991,130,14253
2322,1991,131,12479
2323,1991,132,13240
2324,1991,133,14256
2325,1991,134,14004
2326,1991,135,14205
2327,1991,136,14035
2328,1991,137,14052
2329,1991,138,12290
2330,1991,139,13329
2331,1991,140,14394
2332,1991,141,14354
2333,1991,142,14190
2334,1991,143,14193
2335,1991,144,14120
2336,1991,145,11941
2337,1991,146,12009
2338,1991,147,13589
2339,1991,148,14244
2340,1991,149,14215
2341,1991,150,13983
2342,1991,151,13974
2343,1991,152,12505
2344,1991,153,13334
2345,1991,154,14361
2346,1991,155,14432
2347,1991,156,14375
2348,1991,157,14400
2349,1991,158,14625
2350,1991,159,12959
2351,1991,160,13675
2352,1991,161,14580
2353,1991,162,14524
2354,1991,163,14407
2355,1991,164,14453
2356,1991,165,14483
2357,1991,166,12876
2358,1991,167,13472
2359,1991,168,14527
2360,1991,169,14514
2361,1991,170,14465
2362,1991,171,14615
2363,1991,172,14498
2364,1991,173,12852
2365,1991,174,13672
2366,1991,175,14579
2367,1991,176,14539
2368,1991,177,14496
2369,1991,178,14441
2370,1991,179,14621
2371,1991,180,12981
2372,1991,181,13615
2373,1991,182,14594
2374,1991,183,14522
2375,1991,184,14529
2376,1991,185,12448
2377,1991,186,12664
2378,1991,187,12818
2379,1991,188,13508
2380,1991,189,14529
2381,1991,190,14632
2382,1991,191,14635
2383,1991,192,14718
2384,1991,193,14713
2385,1991,194,12997
2386,1991,195,13833
2387,1991,196,14773
2388,1991,197,14667
2389,1991,198,14605
2390,1991,199,14717
2391,1991,200,14668
2392,1991,201,13002
2393,1991,202,13636
2394,1991,203,14584
2395,1991,204,14276
2396,1991,205,14431
2397,1991,206,14502
2398,1991,207,14428
2399,1991,208,12957
2400,1991,209,13704
2401,1991,210,14584
2402,1991,211,14649
2403,1991,212,14654
2404,1991,213,14496
2405,1991,214,14567
2406,1991,215,13009
2407,1991,216,13674
2408,1991,217,14715
2409,1991,218,14758
2410,1991,219,14646
2411,1991,220,14394
2412,1991,221,14549
2413,1991,222,13038
2414,1991,223,13750
2415,1991,224,14698
2416,1991,225,14616
2417,1991,226,14592
2418,1991,227,14610
2419,1991,228,14508
2420,1991,229,12922
2421,1991,230,13655
2422,1991,231,13905
2423,1991,232,14257
2424,1991,233,14531
2425,1991,234,14661
2426,1991,235,14648
2427,1991,236,13031
2428,1991,237,13661
2429,1991,238,14603
2430,1991,239,14574
2431,1991,240,14559
2432,1991,241,14564
2433,1991,242,14436
2434,1991,243,11931
2435,1991,244,11349
2436,1991,245,13926
2437,1991,246,14439
2438,1991,247,14434
2439,1991,248,14389
2440,1991,249,14462
2441,1991,250,12474
2442,1991,251,13349
2443,1991,252,14409
2444,1991,253,14469
2445,1991,254,14420
2446,1991,255,14377
2447,1991,256,14415
2448,1991,257,12388
2449,1991,258,13289
2450,1991,259,14405
2451,1991,260,13809
2452,1991,261,14012
2453,1991,262,14114
2454,1991,263,14272
2455,1991,264,12444
2456,1991,265,13409
2457,1991,266,14407
2458,1991,267,14395
2459,1991,268,14243
2460,1991,269,14364
2461,1991,270,14353
2462,1991,271,12443
2463,1991,272,13337
2464,1991,273,14407
2465,1991,274,14275
2466,1991,275,14265
2467,1991,276,14313
2468,1991,277,13843
2469,1991,278,12212
2470,1991,279,13310
2471,1991,280,14370
2472,1991,281,14333
2473,1991,282,14290
2474,1991,283,14337
2475,1991,284,14303
2476,1991,285,12458
2477,1991,286,13365
2478,1991,287,14351
2479,1991,288,14286
2480,1991,289,14382
2481,1991,290,14308
2482,1991,291,14252
2483,1991,292,12397
2484,1991,293,13270
2485,1991,294,14467
2486,1991,295,14375
2487,1991,296,14196
2488,1991,297,13989
2489,1991,298,14052
2490,1991,299,12017
2491,1991,300,12831
2492,1991,301,13834
2493,1991,302,13988
2494,1991,303,14001
2495,1991,304,13968
2496,1991,305,13229
2497,1991,306,11834
2498,1991,307,13009
2499,1991,308,14070
2500,1991,309,14034
2501,1991,310,13944
2502,1991,311,13757
2503,1991,312,13976
2504,1991,313,12176
2505,1991,314,13069
2506,1991,315,14097
2507,1991,316,14121
2508,1991,317,14172
2509,1991,318,13966
2510,1991,319,13923
2511,1991,320,12053
2512,1991,321,13035
2513,1991,322,14045
2514,1991,323,14049
2515,1991,324,14239
2516,1991,325,14144
2517,1991,326,13941
2518,1991,327,12114
2519,1991,328,13179
2520,1991,329,14169
2521,1991,330,13937
2522,1991,331,14163
2523,1991,332,10684
2524,1991,333,9861
2525,1991,334,11323
2526,1991,335,12987
2527,1991,336,13523
2528,1991,337,13440
2529,1991,338,13854
2530,1991,339,13796
2531,1991,340,13946
2532,1991,341,12165
2533,1991,342,13112
2534,1991,343,14137
2535,1991,344,13888
2536,1991,345,13960
2537,1991,346,13934
2538,1991,347,14029
2539,1991,348,11990
2540,1991,349,13066
2541,1991,350,14028
2542,1991,351,14046
2543,1991,352,14042
2544,1991,353,13910
2545,1991,354,13895
2546,1991,355,12455
2547,1991,356,13066
2548,1991,357,13905
2549,1991,358,12401
2550,1991,359,12486
2551,1991,360,13530
2552,1991,361,13810
2553,1991,362,12282
2554,1991,363,13007
2555,1991,364,13955
2556,1991,365,12878
